Workbook

Sheet Backlog Inicial
A1: ID | B1: Tipo | C1: Modulo / Epica | D1: RF relacionado | E1: Historia de usuario | F1: Criterios de aceptacion | G1: Prioridad | H1: Estimacion (SP) | I1: Depende de | J1: Estado
A2: HU-01 | B2: Historia de usuario | C2: Autenticacion | D2: RF-01 | E2: Como estudiante no registrado, quiero crear una cuenta con mi correo institucional para poder acceder a la plataforma. | F2: El formulario solo acepta correos del dominio institucional; se muestra un mensaje claro si el correo no es valido; la cuenta queda en estado pendiente de verificacion. | G2: Alta | H2: 5 | I2: HT-01 | J2: Backlog
A3: HU-02 | B3: Historia de usuario | C3: Autenticacion | D3: RF-01 | E3: Como estudiante registrado, quiero recibir un codigo OTP en mi correo para verificar mi identidad. | F3: Se envia un codigo de un solo uso al correo institucional; el codigo expira despues de un tiempo definido; existe opcion de reenvio. | G3: Alta | H3: 5 | I3: HU-01 | J3: Backlog
A4: HU-03 | B4: Historia de usuario | C4: Autenticacion | D4: RF-01 | E4: Como estudiante verificado, quiero iniciar sesion con mis credenciales para acceder a mi cuenta. | F4: Un login correcto retorna un token JWT; un login incorrecto muestra un mensaje de error sin revelar cual dato fallo. | G4: Alta | H4: 3 | I4: HU-02 | J4: Backlog
A5: HU-04 | B5: Historia de usuario | C5: Autenticacion | D5: RF-01 / RNF-01 | E5: Como usuario autenticado, quiero que el sistema gestione y valide mis tokens JWT para que mis operaciones privadas queden protegidas. | F5: Las rutas protegidas rechazan solicitudes sin token o con token invalido/expirado; el token incluye el rol del usuario. | G5: Alta | H5: 5 | I5: HU-03 | J5: Backlog
A6: HU-05 | B6: Historia de usuario | C6: Usuarios / Perfiles | D6: RF-02 | E6: Como usuario, quiero ver y editar la informacion basica de mi perfil para mantenerla actualizada. | F6: Puedo editar nombre, programa/area y tipo de usuario; los cambios se guardan y se reflejan de inmediato en el perfil. | G6: Alta | H6: 3 | I6: HU-04 | J6: Backlog
A7: HU-06 | B7: Historia de usuario | C7: Usuarios / Perfiles | D7: RF-02 | E7: Como usuario, quiero que mi perfil muestre mi estado de verificacion institucional para generar confianza con otros usuarios. | F7: El perfil muestra un indicador visible de 'Comunidad USB verificada' cuando corresponde. | G7: Media | H7: 2 | I7: HU-05 | J7: Backlog
A8: HU-07 | B8: Historia de usuario | C8: Usuarios / Perfiles | D8: RF-02 | E8: Como usuario, quiero consultar mi historial de trueques realizados para llevar seguimiento de mis intercambios. | F8: El historial lista los trueques completados con fecha y contraparte; se ordena del mas reciente al mas antiguo. | G8: Media | H8: 3 | I8: HU-05 | J8: Backlog
A9: HU-08 | B9: Historia de usuario | C9: Usuarios / Perfiles | D9: RF-02 / RF-08 | E9: Como usuario, quiero ver las resenas que he recibido en mi perfil para conocer mi reputacion. | F9: Las resenas visibles respetan las reglas de privacidad definidas; se muestra el nombre del autor de cada resena. | G9: Media | H9: 2 | I9: HU-05 | J9: Backlog
A10: HU-09 | B10: Historia de usuario | C10: Publicaciones | D10: RF-03 | E10: Como usuario, quiero publicar un libro que ofrezco, indicando titulo, autor, ISBN, edicion, categoria, estado y fotos, para que otros usuarios lo encuentren. | F10: El formulario exige como minimo titulo, autor, categoria y una foto; la publicacion queda visible en el listado tras guardarse. | G10: Alta | H10: 5 | I10: HU-05 | J10: Backlog
A11: HU-10 | B11: Historia de usuario | C11: Publicaciones | D11: RF-03 | E11: Como usuario, quiero editar una publicacion existente para corregir o actualizar su informacion. | F11: Solo el propietario puede editar la publicacion; los cambios se reflejan de inmediato en el listado. | G11: Media | H11: 3 | I11: HU-09 | J11: Backlog
A12: HU-11 | B12: Historia de usuario | C12: Publicaciones | D12: RF-03 | E12: Como usuario, quiero eliminar una publicacion que ya no esta disponible para mantener el listado actualizado. | F12: Solo el propietario puede eliminar su publicacion; la publicacion deja de aparecer en busquedas y matches. | G12: Baja | H12: 2 | I12: HU-09 | J12: Backlog
A13: HU-12 | B13: Historia de usuario | C13: Publicaciones | D13: RF-04 | E13: Como usuario, quiero indicar el libro o tipo de libro que busco para que el sistema pueda encontrarme coincidencias. | F13: El campo 'libro buscado' es obligatorio para participar en el matching; acepta titulo especifico o categoria general. | G13: Alta | H13: 3 | I13: HU-09 | J13: Backlog
... A34: HT-04 | B34: Tecnica / Enabler | C34: Historias Tecnicas / Enablers | D34: RNF-01 | E34: Como equipo de desarrollo, quiero validar los datos de entrada con Pydantic en cada endpoint para evitar informacion inconsistente en la base de datos. | F34: Todos los endpoints de escritura validan tipo, formato y campos obligatorios; los errores de validacion retornan un mensaje claro. | G34: Media | H34: 3 | I34: HT-01 | J34: Backlog

Sheet Resumen
A1: Resumen del Backlog Inicial
A3: Proyecto | B3: Plataforma de Trueque Estudiantil
A4: Metodologia | B4: Agil - Scrumban (Kanban)
A5: Total de elementos del backlog | B5: =COUNTA('Backlog Inicial'!A2:A34) -> 33
A6: - Historias de usuario | B6: =COUNTIF('Backlog Inicial'!B2:B34,"Historia de usuario") -> 29
A7: - Historias tecnicas / enablers | B7: =COUNTIF('Backlog Inicial'!B2:B34,"Tecnica / Enabler") -> 4
A8: Total de puntos de historia (SP) | B8: =SUM('Backlog Inicial'!H2:H34) -> 136
A10: Modulo / Epica | B10: N.º de elementos | C10: Puntos (SP)
A11: Autenticacion | B11: =COUNTIF('Backlog Inicial'!C2:C34,A11) -> 4 | C11: =SUMIF('Backlog Inicial'!C2:C34,A11,'Backlog Inicial'!H2:H34) -> 18
A12: Usuarios / Perfiles | B12: =COUNTIF('Backlog Inicial'!C2:C34,A12) -> 4 | C12: =SUMIF('Backlog Inicial'!C2:C34,A12,'Backlog Inicial'!H2:H34) -> 10
A13: Publicaciones | B13: =COUNTIF('Backlog Inicial'!C2:C34,A13) -> 4 | C13: =SUMIF('Backlog Inicial'!C2:C34,A13,'Backlog Inicial'!H2:H34) -> 13
A14: Matching | B14: =COUNTIF('Backlog Inicial'!C2:C34,A14) -> 4 | C14: =SUMIF('Backlog Inicial'!C2:C34,A14,'Backlog Inicial'!H2:H34) -> 26
A15: Trueques | B15: =COUNTIF('Backlog Inicial'!C2:C34,A15) -> 4 | C15: =SUMIF('Backlog Inicial'!C2:C34,A15,'Backlog Inicial'!H2:H34) -> 14
A16: Chat | B16: =COUNTIF('Backlog Inicial'!C2:C34,A16) -> 2 | C16: =SUMIF('Backlog Inicial'!C2:C34,A16,'Backlog Inicial'!H2:H34) -> 13
A17: Reputacion / Valoraciones | B17: =COUNTIF('Backlog Inicial'!C2:C34,A17) -> 3 | C17: =SUMIF('Backlog Inicial'!C2:C34,A17,'Backlog Inicial'!H2:H34) -> 8
A18: Administracion | B18: =COUNTIF('Backlog Inicial'!C2:C34,A18) -> 4 | C18: =SUMIF('Backlog Inicial'!C2:C34,A18,'Backlog Inicial'!H2:H34) -> 13
A19: Historias Tecnicas / Enablers | B19: =COUNTIF('Backlog Inicial'!C2:C34,A19) -> 4 | C19: =SUMIF('Backlog Inicial'!C2:C34,A19,'Backlog Inicial'!H2:H34) -> 21
